id,Code,Name,Type,,,,
,PPSV-201908-001,PPSV Hospital KPIs,1,,,,
,PPSV-201908-002,PPSV - DEP - MED,2,,,,
,PPSV-201908-003,PPSV - DEP - SURG,2,,,,
,PPSV-201908-004,PPSV - DEP - PED,2,,,,
,PPSV-201908-005,PPSV - DEP - DENT,2,,,,
,PPSV-201908-006,PPSV - DEP - OB-GYN,2,,,,
,PPSV-201908-007,PPSV - DEP - HEMO,2,,,,
,PPSV-201908-008,PPSV - DEP - ER,2,,,,
,PPSV-201908-009,PPSV - DEP - HEART,2,,,,
,PPSV-201908-010,PPSV - DEP - GICENTER,2,,,,
,PPSV-201908-011,PPSV - DEP - ICU,2,,,,
,PPSV-201908-012,PPSV - DEP - WARD3,2,,,,
,PPSV-201908-013,PPSV - DEP - WARD4,2,,,,
,PPSV-201908-014,PPSV - DEP - WARD5-6,2,,,,
,PPSV-201908-015,PPSV - DEP - WARD7-8,2,,,,
,PPSV-201908-016,PPSV - DEP - OR,2,,,,
,PPSV-201908-017,PPSV - DEP - CSSD,2,,,,
,PPSV-201908-018,PPSV - DEP - PHARMACY,2,,,,
,PPSV-201908-019,PPSV - DEP - X-RAY,2,,,,
,PPSV-201908-020,PPSV - DEP - LAB,2,,,,
,PPSV-201908-021,PPSV - DEP - REHAB,2,,,,
,PPSV-201908-022,PPSV - DEP - NUTRITION,2,,,,
,PPSV-201908-023,PPSV - DEP - CRM,2,,,,
,PPSV-201908-024,PPSV - DEP - MEDRECORD,2,,,,
,PPSV-201908-025,PPSV - DEP - UR,2,,,,
,PPSV-201908-026,PPSV - DEP - ADMIT,2,,,,
,PPSV-201908-027,PPSV - DEP - OPERATOR,2,,,,
,PPSV-201908-028,PPSV - DEP - PORTER,2,,,,
,PPSV-201908-029,PPSV - DEP - MARCOM,2,,,,
,PPSV-201908-030,PPSV - DEP - SECRETARY,2,,,,
,PPSV-201908-031,PPSV - DEP - SUPERVISOR,2,,,,
,PPSV-201908-032,PPSV - DEP - CANTEEN,2,,,,
,PPSV-201908-033,PPSV - DEP - MAINT,2,,,,
,PPSV-201908-034,PPSV - DEP - MED-EQUIP,2,,,,
,PPSV-201908-035,PPSV - DEP - GSD,2,,,,
,PPSV-201908-036,PPSV - DEP - TRANSPORT,2,,,,
,PPSV-201908-037,PPSV - DEP - CASHIER,2,,,,
,PPSV-201908-038,PPSV - DEP - QMC,2,,,,
,PPSV-201908-039,PPSV - DEP - CHECK-UP,2,,,,
,PPSV-201908-040,PPSV - JOB - CTT - HOD - H2B,3,,,,
,PPSV-201908-041,PPSV - JOB - CTT - RN - O2A,3,,,,
,PPSV-201908-042,PPSV - JOB - CTT - RN - O2B,3,,,,
,PPSV-201908-043,PPSV - JOB - CTT - RN - O2C,3,,,,
,PPSV-201908-044,PPSV - JOB - CTT - RN - O2D,3,,,,
,PPSV-201908-045,PPSV - JOB - CTT - RN Non-li - O1A,3,,,,
,PPSV-201908-046,PPSV - JOB - CTT -  Cardiology - O2A,3,,,,
,PPSV-201908-047,PPSV - JOB - CTT -  Cardiology - O2B,3,,,,
,PPSV-201908-048,PPSV - JOB - CTT -  Cardiology - O2C,3,,,,
,PPSV-201908-049,PPSV - JOB - CTT -  Cardiology - O2D,3,,,,
,PPSV-201908-050,PPSV - JOB - CTT - PA - O1B,3,,,,
,PPSV-201908-051,PPSV - JOB - CTT - PA - O1C,3,,,,
,PPSV-201908-052,PPSV - JOB - EAD - HOD - H2B,3,,,,
,PPSV-201908-053,PPSV - JOB - EAD - RN - O2A,3,,,,
,PPSV-201908-054,PPSV - JOB - EAD - RN - O2B,3,,,,
,PPSV-201908-055,PPSV - JOB - EAD - RN - O2C,3,,,,
,PPSV-201908-056,PPSV - JOB - EAD - RN - O2D,3,,,,
,PPSV-201908-057,PPSV - JOB - EAD - RN Non-li - O1A,3,,,,
,PPSV-201908-058,PPSV - JOB - EAD - PN - O1A,3,,,,
,PPSV-201908-059,PPSV - JOB - EAD - PN - O1B,3,,,,
,PPSV-201908-060,PPSV - JOB - EAD - PA - O1B,3,,,,
,PPSV-201908-061,PPSV - JOB - EAD - PA - O1C,3,,,,
,PPSV-201908-062,PPSV - JOB - EAD - MA - O2D,3,,,,
,PPSV-201908-063,PPSV - JOB - EAD - MA - O1A,3,,,,
,PPSV-201908-064,PPSV - JOB - MED - HOD - H2B,3,,,,
,PPSV-201908-065,PPSV - JOB - MED - RN - O2A,3,,,,
,PPSV-201908-066,PPSV - JOB - MED - RN - O2B,3,,,,
,PPSV-201908-067,PPSV - JOB - MED - RN - O2C,3,,,,
,PPSV-201908-068,PPSV - JOB - MED - RN - O2D,3,,,,
,PPSV-201908-069,PPSV - JOB - MED - RN Non-li - O1A,3,,,,
,PPSV-201908-070,PPSV - JOB - MED - PN - O1A,3,,,,
,PPSV-201908-071,PPSV - JOB - MED - PN - O1B,3,,,,
,PPSV-201908-072,PPSV - JOB - MED - PA - O1B,3,,,,
,PPSV-201908-073,PPSV - JOB - MED - PA - O1C,3,,,,
,PPSV-201908-074,PPSV - JOB - MED - ENT -  PA - O1B,3,,,,
,PPSV-201908-075,PPSV - JOB - MED - ENT -  PA - O1C,3,,,,
,PPSV-201908-076,PPSV - JOB - MED - MA - O2D,3,,,,
,PPSV-201908-077,PPSV - JOB - MED - MA - O1A,3,,,,
,PPSV-201908-078,PPSV - JOB - SURG - HOD - H2B,3,,,,
,PPSV-201908-079,PPSV - JOB - SURG - RN - O2A,3,,,,
,PPSV-201908-080,PPSV - JOB - SURG - RN - O2B,3,,,,
,PPSV-201908-081,PPSV - JOB - SURG - RN - O2C,3,,,,
,PPSV-201908-082,PPSV - JOB - SURG - RN - O2D,3,,,,
,PPSV-201908-083,PPSV - JOB - SURG - RN Non-li - O1A,3,,,,
,PPSV-201908-084,PPSV - JOB - SURG - PN - O1A,3,,,,
,PPSV-201908-085,PPSV - JOB - SURG - PN - O1B,3,,,,
,PPSV-201908-086,PPSV - JOB - SURG - MA - O2D,3,,,,
,PPSV-201908-087,PPSV - JOB - SURG - MA - O1A,3,,,,
,PPSV-201908-088,PPSV - JOB - PED - HOD - H2B,3,,,,
,PPSV-201908-089,PPSV - JOB - PED - RN - O2A,3,,,,
,PPSV-201908-090,PPSV - JOB - PED - RN - O2B,3,,,,
,PPSV-201908-091,PPSV - JOB - PED - RN - O2C,3,,,,
,PPSV-201908-092,PPSV - JOB - PED - RN - O2D,3,,,,
,PPSV-201908-093,PPSV - JOB - PED - RN Non-li - O1A,3,,,,
,PPSV-201908-094,PPSV - JOB - PED - PN - O1A,3,,,,
,PPSV-201908-095,PPSV - JOB - PED - PN - O1B,3,,,,
,PPSV-201908-096,PPSV - JOB - PED - PA - O1B,3,,,,
,PPSV-201908-097,PPSV - JOB - PED - PA - O1C,3,,,,
,PPSV-201908-098,PPSV - JOB - DENT - PA - O1B,3,,,,
,PPSV-201908-099,PPSV - JOB - DENT - PA - O1C,3,,,,
,PPSV-201908-100,PPSV - JOB - PED - MA - O2D,3,,,,
,PPSV-201908-101,PPSV - JOB - PED - MA - O1A,3,,,,
,PPSV-201908-102,PPSV - JOB - HCC - HOD - H2B,3,,,,
,PPSV-201908-103,PPSV - JOB - HCC - RN - O2A,3,,,,
,PPSV-201908-104,PPSV - JOB - HCC - RN - O2B,3,,,,
,PPSV-201908-105,PPSV - JOB - HCC - RN - O2C,3,,,,
,PPSV-201908-106,PPSV - JOB - HCC - RN - O2D,3,,,,
,PPSV-201908-107,PPSV - JOB - HCC - Back Office - O2C,3,,,,
,PPSV-201908-108,PPSV - JOB - HCC - Back Office - O2D,3,,,,
,PPSV-201908-109,PPSV - JOB - HCC - Back Office - O1A,3,,,,
,PPSV-201908-110,PPSV - JOB - HCC - Front Office - O2B,3,,,,
,PPSV-201908-111,PPSV - JOB - HCC - Front Office - O2C,3,,,,
,PPSV-201908-112,PPSV - JOB - HCC - Front Office - O2D,3,,,,
,PPSV-201908-113,PPSV - JOB - HCC - Front Office - O1A,3,,,,
,PPSV-201908-114,PPSV - JOB - HCC - PA - O1B,3,,,,
,PPSV-201908-115,PPSV - JOB - HCC - PA - O1C,3,,,,
,PPSV-201908-116,PPSV - JOB - OBG - HOD - H2B,3,,,,
,PPSV-201908-117,PPSV - JOB - OBG - RN - O2A,3,,,,
,PPSV-201908-118,PPSV - JOB - OBG - RN - O2B,3,,,,
,PPSV-201908-119,PPSV - JOB - OBG - RN - O2C,3,,,,
,PPSV-201908-120,PPSV - JOB - OBG - RN - O2D,3,,,,
,PPSV-201908-121,PPSV - JOB - OBG - RN Non-li - O1A,3,,,,
,PPSV-201908-122,PPSV - JOB - OBG - PN - O1A,3,,,,
,PPSV-201908-123,PPSV - JOB - OBG - PN - O1B,3,,,,
,PPSV-201908-124,PPSV - JOB - OBG - PA - O1B,3,,,,
,PPSV-201908-125,PPSV - JOB - OBG - PA - O1C,3,,,,
,PPSV-201908-126,PPSV - JOB - CGE - HOD - H2B,3,,,,
,PPSV-201908-127,PPSV - JOB - CGE - RN - O2A,3,,,,
,PPSV-201908-128,PPSV - JOB - CGE - RN - O2B,3,,,,
,PPSV-201908-129,PPSV - JOB - CGE - RN - O2C,3,,,,
,PPSV-201908-130,PPSV - JOB - CGE - RN - O2D,3,,,,
,PPSV-201908-131,PPSV - JOB - CGE - RN Non-li - O1A,3,,,,
,PPSV-201908-132,PPSV - JOB - CGE - PA - O1B,3,,,,
,PPSV-201908-133,PPSV - JOB - CGE - PA - O1C,3,,,,
,PPSV-201908-134,PPSV - JOB - ICU - HOD - H2B,3,,,,
,PPSV-201908-135,PPSV - JOB - ICU - RN - O2A,3,,,,
,PPSV-201908-136,PPSV - JOB - ICU - RN - O2B,3,,,,
,PPSV-201908-137,PPSV - JOB - ICU - RN - O2C,3,,,,
,PPSV-201908-138,PPSV - JOB - ICU - RN - O2D,3,,,,
,PPSV-201908-139,PPSV - JOB - ICU - RN Non-li - O1A,3,,,,
,PPSV-201908-140,PPSV - JOB - ICU - PN - O1A,3,,,,
,PPSV-201908-141,PPSV - JOB - ICU - PN - O1B,3,,,,
,PPSV-201908-142,PPSV - JOB - ICU - PPN - O1B,3,,,,
,PPSV-201908-143,PPSV - JOB - ICU - PA - O1B,3,,,,
,PPSV-201908-144,PPSV - JOB - ICU - PA - O1C,3,,,,
,PPSV-201908-145,PPSV - JOB - WOB - HOD - H2B,3,,,,
,PPSV-201908-146,PPSV - JOB - WOB - RN - O2A,3,,,,
,PPSV-201908-147,PPSV - JOB - WOB - RN - O2B,3,,,,
,PPSV-201908-148,PPSV - JOB - WOB - RN - O2C,3,,,,
,PPSV-201908-149,PPSV - JOB - WOB - RN - O2D,3,,,,
,PPSV-201908-150,PPSV - JOB - WOB - RN Non-li - O1A,3,,,,
,PPSV-201908-151,PPSV - JOB - WOB - PN - O1A,3,,,,
,PPSV-201908-152,PPSV - JOB - WOB - PN - O1B,3,,,,
,PPSV-201908-153,PPSV - JOB - WOB - PPN - O1B,3,,,,
,PPSV-201908-154,PPSV - JOB - WOB - PA - O1B,3,,,,
,PPSV-201908-155,PPSV - JOB - WOB - PA - O1C,3,,,,
,PPSV-201908-156,PPSV - JOB - WOB - MA - O2D,3,,,,
,PPSV-201908-157,PPSV - JOB - WOB - MA - O1A,3,,,,
,PPSV-201908-158,PPSV - JOB - WA4 - HOD - H2B,3,,,,
,PPSV-201908-159,PPSV - JOB - WA4 - RN - O2A,3,,,,
,PPSV-201908-160,PPSV - JOB - WA4 - RN - O2B,3,,,,
,PPSV-201908-161,PPSV - JOB - WA4 - RN - O2C,3,,,,
,PPSV-201908-162,PPSV - JOB - WA4 - RN - O2D,3,,,,
,PPSV-201908-163,PPSV - JOB - WA4 - RN - Non li - O1A,3,,,,
,PPSV-201908-164,PPSV - JOB - WA4 - PN - O1A,3,,,,
,PPSV-201908-165,PPSV - JOB - WA4 - PN - O1B,3,,,,
,PPSV-201908-166,PPSV - JOB - WA4 - PPN - O1B,3,,,,
,PPSV-201908-167,PPSV - JOB - WA4 - PA - O1B,3,,,,
,PPSV-201908-168,PPSV - JOB - WA4 - PA - O1C,3,,,,
,PPSV-201908-169,PPSV - JOB - WA4 - MA - O2D,3,,,,
,PPSV-201908-170,PPSV - JOB - WA4 - MA - O1A,3,,,,
,PPSV-201908-171,PPSV - JOB - WMD - HOD - H2B,3,,,,
,PPSV-201908-172,PPSV - JOB - WMD - RN - O2A,3,,,,
,PPSV-201908-173,PPSV - JOB - WMD - RN - O2B,3,,,,
,PPSV-201908-174,PPSV - JOB - WMD - RN - O2C,3,,,,
,PPSV-201908-175,PPSV - JOB - WMD - RN - O2D,3,,,,
,PPSV-201908-176,PPSV - JOB - WMD - RN Non-li - O1A,3,,,,
,PPSV-201908-177,PPSV - JOB - WMD - PN - O1A,3,,,,
,PPSV-201908-178,PPSV - JOB - WMD - PN - O1B,3,,,,
,PPSV-201908-179,PPSV - JOB - WMD - PPN - O1B,3,,,,
,PPSV-201908-180,PPSV - JOB - WMD - PA - O1B,3,,,,
,PPSV-201908-181,PPSV - JOB - WMD - PA - O1C,3,,,,
,PPSV-201908-182,PPSV - JOB - WMD - MA - O2D,3,,,,
,PPSV-201908-183,PPSV - JOB - WMD - MA - O1A,3,,,,
,PPSV-201908-184,PPSV - JOB - WPD - HOD - H2B,3,,,,
,PPSV-201908-185,PPSV - JOB - WPD - RN - O2A,3,,,,
,PPSV-201908-186,PPSV - JOB - WPD - RN - O2B,3,,,,
,PPSV-201908-187,PPSV - JOB - WPD - RN - O2C,3,,,,
,PPSV-201908-188,PPSV - JOB - WPD - RN - O2D,3,,,,
,PPSV-201908-189,PPSV - JOB - WPD - RN - Non li - O1A,3,,,,
,PPSV-201908-190,PPSV - JOB - WPD - PN - O1A,3,,,,
,PPSV-201908-191,PPSV - JOB - WPD - PN - O1B,3,,,,
,PPSV-201908-192,PPSV - JOB - WPD - PPN - O1B,3,,,,
,PPSV-201908-193,PPSV - JOB - WPD - PA - O1B,3,,,,
,PPSV-201908-194,PPSV - JOB - WPD - PA - O1C,3,,,,
,PPSV-201908-195,PPSV - JOB - WPD - MA - O2D,3,,,,
,PPSV-201908-196,PPSV - JOB - WPD - MA - O1A,3,,,,
,PPSV-201908-197,PPSV - JOB - OTD - HOD - H2B,3,,,,
,PPSV-201908-198,PPSV - JOB - OTD - RN - O2A,3,,,,
,PPSV-201908-199,PPSV - JOB - OTD - RN - O2B,3,,,,
,PPSV-201908-200,PPSV - JOB - OTD - RN - O2C,3,,,,
,PPSV-201908-201,PPSV - JOB - OTD - RN - O2D,3,,,,
,PPSV-201908-202,PPSV - JOB - OTD - Anesthetist  - O2B,3,,,,
,PPSV-201908-203,PPSV - JOB - OTD - RN - Ass - Anesthetist - O2C,3,,,,
,PPSV-201908-204,PPSV - JOB - OTD - RN - Ass - Anesthetist - O2D,3,,,,
,PPSV-201908-205,PPSV - JOB - OTD - PN - O1A,3,,,,
,PPSV-201908-206,PPSV - JOB - OTD - PN - O1B,3,,,,
,PPSV-201908-207,PPSV - JOB - OTD - PA - O1B,3,,,,
,PPSV-201908-208,PPSV - JOB - OTD - PA - O1C,3,,,,
,PPSV-201908-209,PPSV - JOB - OTD - MA - O2D,3,,,,
,PPSV-201908-210,PPSV - JOB - OTD - MA - O1A,3,,,,
,PPSV-201908-211,PPSV - JOB - HDD - HOD - H2B,3,,,,
,PPSV-201908-212,PPSV - JOB - HDD - RN - O2A,3,,,,
,PPSV-201908-213,PPSV - JOB - HDD - RN - O2B,3,,,,
,PPSV-201908-214,PPSV - JOB - HDD - RN - O2C,3,,,,
,PPSV-201908-215,PPSV - JOB - HDD - RN - O2D,3,,,,
,PPSV-201908-216,PPSV - JOB - HDD - PA - O1B,3,,,,
,PPSV-201908-217,PPSV - JOB - HDD - PA - O1C,3,,,,
,PPSV-201908-218,PPSV - JOB - HDD - MA - O2D,3,,,,
,PPSV-201908-219,PPSV - JOB - HDD - MA - O1A,3,,,,
,PPSV-201908-220,PPSV - JOB - CSD - HOD - H2B,3,,,,
,PPSV-201908-221,PPSV - JOB - CSD - Staff  CSSD - O2D,3,,,,
,PPSV-201908-222,PPSV - JOB - CSD - Staff  CSSD - O1A,3,,,,
,PPSV-201908-223,PPSV - JOB - CSD - Staff  CSSD - O1B,3,,,,
,PPSV-201908-224,PPSV - JOB - CSD - Staff  CSSD - O1C,3,,,,
,PPSV-201908-225,PPSV - JOB - PHD - HOD - H2B,3,,,,
,PPSV-201908-226,PPSV - JOB - PHD - Pharmacist - O2A,3,,,,
,PPSV-201908-227,PPSV - JOB - PHD - Pharmacist - O2B,3,,,,
,PPSV-201908-228,PPSV - JOB - PHD - Pharmacist - O2C,3,,,,
,PPSV-201908-229,PPSV - JOB - PHD - Pharmacist - O2D,3,,,,
,PPSV-201908-230,PPSV - JOB - PHD - Assistant - O2D,3,,,,
,PPSV-201908-231,PPSV - JOB - PHD - Assistant - O1A,3,,,,
,PPSV-201908-232,PPSV - JOB - MID - HOD - H2B,3,,,,
,PPSV-201908-233,PPSV - JOB - MID - RN - O2A,3,,,,
,PPSV-201908-234,PPSV - JOB - MID - RN - O2B,3,,,,
,PPSV-201908-235,PPSV - JOB - MID - RN - O2C,3,,,,
,PPSV-201908-236,PPSV - JOB - MID - RN - O2D,3,,,,
,PPSV-201908-237,PPSV - JOB - MID - Radiology - O2A,3,,,,
,PPSV-201908-238,PPSV - JOB - MID - Radiology - O2B,3,,,,
,PPSV-201908-239,PPSV - JOB - MID - Radiology - O2C,3,,,,
,PPSV-201908-240,PPSV - JOB - MID - Radiology - O2D,3,,,,
,PPSV-201908-241,PPSV - JOB - MID - Assistant - O1B,3,,,,
,PPSV-201908-242,PPSV - JOB - MID - Assistant - O1C,3,,,,
,PPSV-201908-243,PPSV - JOB - LBD - HOD - H2B,3,,,,
,PPSV-201908-244,PPSV - JOB - LBD - Medical - Chemistry - O2A,3,,,,
,PPSV-201908-245,PPSV - JOB - LBD - Medical - Microbiology - O2A,3,,,,
,PPSV-201908-246,PPSV - JOB - LBD - Medical - Microscopy - O2A,3,,,,
,PPSV-201908-247,PPSV - JOB - LBD - Medical - Blood Bank  - O2A,3,,,,
,PPSV-201908-248,PPSV - JOB - LBD - Medical - Immunology  - O2A,3,,,,
,PPSV-201908-249,PPSV - JOB - LBD - Medical - Hematology  - O2A,3,,,,
,PPSV-201908-250,PPSV - JOB - LBD - Medical - Chemistry - O2B,3,,,,
,PPSV-201908-251,PPSV - JOB - LBD - Medical - Microbiology - O2B,3,,,,
,PPSV-201908-252,PPSV - JOB - LBD - Medical - Microscopy - O2B,3,,,,
,PPSV-201908-253,PPSV - JOB - LBD - Medical - Blood Bank  - O2B,3,,,,
,PPSV-201908-254,PPSV - JOB - LBD - Medical - Immunology  - O2B,3,,,,
,PPSV-201908-255,PPSV - JOB - LBD - Medical - Hematology  - O2B,3,,,,
,PPSV-201908-256,PPSV - JOB - LBD - Medical - O2C,3,,,,
,PPSV-201908-257,PPSV - JOB - LBD - Medical - O2D,3,,,,
,PPSV-201908-258,PPSV - JOB - LBD - Medical - Non li - O1A,3,,,,
,PPSV-201908-259,PPSV - JOB - LBD - Medical Assistant - O1B,3,,,,
,PPSV-201908-260,PPSV - JOB - LBD - Medical Assistant - O1C,3,,,,
,PPSV-201908-261,PPSV - JOB - LBD - Laboratory Assistant - O2D,3,,,,
,PPSV-201908-262,PPSV - JOB - LBD - Laboratory Assistant - O1A,3,,,,
,PPSV-201908-263,PPSV - JOB - RTD - HOD - H2B,3,,,,
,PPSV-201908-264,PPSV - JOB - RTD - Physical  - O2A,3,,,,
,PPSV-201908-265,PPSV - JOB - RTD - Physical  - O2B,3,,,,
,PPSV-201908-266,PPSV - JOB - RTD - Physical  - O2C,3,,,,
,PPSV-201908-267,PPSV - JOB - RTD - Physical  - O2D,3,,,,
,PPSV-201908-268,PPSV - JOB - RTD - Physical - Non li - O1A,3,,,,
,PPSV-201908-269,PPSV - JOB - RTD - Occupational  - O2A,3,,,,
,PPSV-201908-270,PPSV - JOB - RTD - Occupational  - O2B,3,,,,
,PPSV-201908-271,PPSV - JOB - RTD - Occupational  - O2C,3,,,,
,PPSV-201908-272,PPSV - JOB - RTD - Occupational  - O2D,3,,,,
,PPSV-201908-273,PPSV - JOB - RTD - Occupational - Non li - O1A,3,,,,
,PPSV-201908-274,PPSV - JOB - RTD - Assistant - O1B,3,,,,
,PPSV-201908-275,PPSV - JOB - RTD - Assistant - O1C,3,,,,
,PPSV-201908-276,PPSV - JOB - TND - HOD - H2B,3,,,,
,PPSV-201908-277,PPSV - JOB - TND - Dietitian - O2A,3,,,,
,PPSV-201908-278,PPSV - JOB - TND - Dietitian - O2B,3,,,,
,PPSV-201908-279,PPSV - JOB - TND - Dietitian - O2C,3,,,,
,PPSV-201908-280,PPSV - JOB - TND - Dietitian - O2D,3,,,,
,PPSV-201908-281,PPSV - JOB - TND - Nutritionist - O2C,3,,,,
,PPSV-201908-282,PPSV - JOB - TND - Nutritionist - O2D,3,,,,
,PPSV-201908-283,PPSV - JOB - TND - Nutritionist - O1A,3,,,,
,PPSV-201908-284,PPSV - JOB - CRM - HOD - H2B,3,,,,
,PPSV-201908-285,PPSV - JOB - CRM - Customer Service - O2C,3,,,,
,PPSV-201908-286,PPSV - JOB - CRM - Customer Service - O2D,3,,,,
,PPSV-201908-287,PPSV - JOB - CRM - Customer Service - O1A,3,,,,
,PPSV-201908-288,PPSV - JOB - CRM - Customer Care - O2C,3,,,,
,PPSV-201908-289,PPSV - JOB - CRM - Customer Care - O2D,3,,,,
,PPSV-201908-290,PPSV - JOB - MRD - HOD - H2B,3,,,,
,PPSV-201908-291,PPSV - JOB - MRD - Statistics Technician - O2D,3,,,,
,PPSV-201908-292,PPSV - JOB - MRD - Statistical  - O2B,3,,,,
,PPSV-201908-293,PPSV - JOB - MRD - Statistical  - O2C,3,,,,
,PPSV-201908-294,PPSV - JOB - MRD - Statistical  - O2D,3,,,,
,PPSV-201908-295,PPSV - JOB - MRD - Statistical  - O1A,3,,,,
,PPSV-201908-296,PPSV - JOB - MRD - Statistical  - O1B,3,,,,
,PPSV-201908-297,"PPSV - JOB - MRD - Monitor and coordinate 
 - O1A",3,,,,
,PPSV-201908-298,"PPSV - JOB - MRD - Monitor and coordinate 
 - O1B",3,,,,
,PPSV-201908-299,PPSV - JOB - MRD - Medical record  - O1B,3,,,,
,PPSV-201908-300,PPSV - JOB - MRD - Medical record  - O1C,3,,,,
,PPSV-201908-301,PPSV - JOB - RED - HOD - H2B,3,,,,
,PPSV-201908-302,PPSV - JOB - RED - Reception  - O1B,3,,,,
,PPSV-201908-303,PPSV - JOB - RED - Transferal - O1B,3,,,,
,PPSV-201908-304,PPSV - JOB - RED - Transferal - O1C,3,,,,
,PPSV-201908-305,PPSV - JOB - ISC - HOD - H2B,3,,,,
,PPSV-201908-306,PPSV - JOB - ISC - RN - O2B,3,,,,
,PPSV-201908-307,PPSV - JOB - ISC - RN - O2C,3,,,,
,PPSV-201908-308,PPSV - JOB - ISC - RN - O2D,3,,,,
,PPSV-201908-309,PPSV - JOB - ISC - PN - O1A,3,,,,
,PPSV-201908-310,PPSV - JOB - ISC - PN - O1B,3,,,,
,PPSV-201908-311,PPSV - JOB - ADC - HOD - H2B,3,,,,
,PPSV-201908-312,PPSV - JOB - ADC - Admission  - O2C,3,,,,
,PPSV-201908-313,PPSV - JOB - ADC - Admission  - O2D,3,,,,
,PPSV-201908-314,PPSV - JOB - ADC - Admission  - O1A,3,,,,
,PPSV-201908-315,PPSV - JOB - TOD - HOD - H2B,3,,,,
,PPSV-201908-316,PPSV - JOB - TOD - RN - O2A,3,,,,
,PPSV-201908-317,PPSV - JOB - TOD - RN - O2B,3,,,,
,PPSV-201908-318,PPSV - JOB - TOD - RN - O2C,3,,,,
,PPSV-201908-319,PPSV - JOB - TOD - RN - O2D,3,,,,
,PPSV-201908-320,PPSV - JOB - TOD - Call center - O2C,3,,,,
,PPSV-201908-321,PPSV - JOB - TOD - Call center - O2D,3,,,,
,PPSV-201908-322,PPSV - JOB - TOD - Call center - O1A,3,,,,
,PPSV-201908-323,PPSV - JOB - TOD - Operator  - O2C,3,,,,
,PPSV-201908-324,PPSV - JOB - TOD - Operator  - O2D,3,,,,
,PPSV-201908-325,PPSV - JOB - TOD - Operator  - O1A,3,,,,
,PPSV-201908-326,PPSV - JOB - TOD - Operator  - O1B,3,,,,
,PPSV-201908-327,PPSV - JOB - MKD - HOD - H2B,3,,,,
,PPSV-201908-328,PPSV - JOB - MKD - RN - O2B,3,,,,
,PPSV-201908-329,PPSV - JOB - MKD - RN - O2C,3,,,,
,PPSV-201908-330,PPSV - JOB - MKD - RN - O2D,3,,,,
,PPSV-201908-331,PPSV - JOB - MKD - Health Therapist - O2B,3,,,,
,PPSV-201908-332,PPSV - JOB - MKD - Health Therapist - O2C,3,,,,
,PPSV-201908-333,PPSV - JOB - MKD - Health Therapist - O2D,3,,,,
,PPSV-201908-334,PPSV - JOB - MKD - Business Development  - O2B,3,,,,
,PPSV-201908-335,PPSV - JOB - MKD - Marketing Communication  - O2B,3,,,,
,PPSV-201908-336,PPSV - JOB - MKD - Marketing Communication  - O2C,3,,,,
,PPSV-201908-337,PPSV - JOB - MKD - Marketing Communication  - O2D,3,,,,
,PPSV-201908-338,PPSV - JOB - MKD - Marketing Communication  - O1A,3,,,,
,PPSV-201908-339,PPSV - JOB - MKD - E- Marketing - O2C,3,,,,
,PPSV-201908-340,PPSV - JOB - MKD - E- Marketing - O2D,3,,,,
,PPSV-201908-341,PPSV - JOB - MKD - E- Marketing - O1A,3,,,,
,PPSV-201908-342,PPSV - JOB - MKD - Graphic Design  - O2C,3,,,,
,PPSV-201908-343,PPSV - JOB - MKD - Graphic Design  - O2D,3,,,,
,PPSV-201908-344,PPSV - JOB - MKD - Graphic Design  - O1A,3,,,,
,PPSV-201908-345,PPSV - JOB - MKD - Business Development  - O2C,3,,,,
,PPSV-201908-346,PPSV - JOB - MKD - Business Development  - O2D,3,,,,
,PPSV-201908-347,PPSV - JOB - MKD - Business Development  - O1A,3,,,,
,PPSV-201908-348,PPSV - JOB - MKD - Business Coordinator  - O2B,3,,,,
,PPSV-201908-349,PPSV - JOB - MKD - Business Coordinator  - O2C,3,,,,
,PPSV-201908-350,PPSV - JOB - MKD - Business Coordinator  - O2D,3,,,,
,PPSV-201908-351,PPSV - JOB - MKD - Business Coordinator  - O1A,3,,,,
,PPSV-201908-352,PPSV - JOB - MKD - Public Health  - O2C,3,,,,
,PPSV-201908-353,PPSV - JOB - MKD - Public Health  - O2D,3,,,,
,PPSV-201908-354,PPSV - JOB - MKD - Public Health  - O1A,3,,,,
,PPSV-201908-355,PPSV - JOB - GSD - HOD - H2B,3,,,,
,PPSV-201908-356,PPSV - JOB - GSD - Laundry - O2B,3,,,,
,PPSV-201908-357,PPSV - JOB - GSD - Laundry - O1A,3,,,,
,PPSV-201908-358,PPSV - JOB - GSD - Laundry - O1B,3,,,,
,PPSV-201908-359,PPSV - JOB - GSD - Housekeeper - O2B,3,,,,
,PPSV-201908-360,PPSV - JOB - GSD - Housekeeper - O1A,3,,,,
,PPSV-201908-361,PPSV - JOB - GSD - Housekeeper - O1B,3,,,,
,PPSV-201908-362,PPSV - JOB - GSD - Security - O2B,3,,,,
,PPSV-201908-363,PPSV - JOB - GSD - Security - O1B,3,,,,
,PPSV-201908-364,PPSV - JOB - GSD - Laundry - O1C,3,,,,
,PPSV-201908-365,PPSV - JOB - GSD - Laundry - O1D,3,,,,
,PPSV-201908-366,PPSV - JOB - GSD - Sewing - O1B,3,,,,
,PPSV-201908-367,PPSV - JOB - GSD - Sewing - O1C,3,,,,
,PPSV-201908-368,PPSV - JOB - GSD - Sewing - O1D,3,,,,
,PPSV-201908-369,PPSV - JOB - GSD - Folding - O1B,3,,,,
,PPSV-201908-370,PPSV - JOB - GSD - Folding - O1C,3,,,,
,PPSV-201908-371,PPSV - JOB - GSD - Folding - O1D,3,,,,
,PPSV-201908-372,PPSV - JOB - VCD - HOD - H2B,3,,,,
,PPSV-201908-373,PPSV - JOB - VCD - Vehicle - O2B,3,,,,
,PPSV-201908-374,PPSV - JOB - VCD - Vehicle - O1B,3,,,,
,PPSV-201908-375,PPSV - JOB - VCD - Vehicle - O1C,3,,,,
,PPSV-201908-376,PPSV - JOB - VCD - Vehicle - O1D,3,,,,
,PPSV-201908-377,PPSV - JOB - VCD - Communications - O1B,3,,,,
,PPSV-201908-378,PPSV - JOB - VCD - Communications - O1C,3,,,,
,PPSV-201908-379,PPSV - JOB - VCD - Communications - O1D,3,,,,
,PPSV-201908-380,PPSV - JOB - GEM - HOD - H2B,3,,,,
,PPSV-201908-381,PPSV - JOB - GEM - Administration - O1A,3,,,,
,PPSV-201908-382,PPSV - JOB - GEM - Administration - O1B,3,,,,
,PPSV-201908-383,PPSV - JOB - GEM - Project Coordinator - O1A,3,,,,
,PPSV-201908-384,PPSV - JOB - GEM - Project Coordinator - O1B,3,,,,
,PPSV-201908-385,PPSV - JOB - GEM - Technician Specialist - O2C,3,,,,
,PPSV-201908-386,PPSV - JOB - GEM - Technician Specialist - O2D,3,,,,
,PPSV-201908-387,PPSV - JOB - GEM - System Specialist - O2D,3,,,,
,PPSV-201908-388,PPSV - JOB - GEM - Technician - O1A,3,,,,
,PPSV-201908-389,PPSV - JOB - GEM - Technician - O1B,3,,,,
,PPSV-201908-390,PPSV - JOB - GEM - Maintenance - O1A,3,,,,
,PPSV-201908-391,PPSV - JOB - GEM - Maintenance - O1B,3,,,,
,PPSV-201908-392,PPSV - JOB - GEM - Maintenance - O1C,3,,,,
,PPSV-201908-393,PPSV - JOB - MTD - HOD - H2B,3,,,,
,PPSV-201908-394,PPSV - JOB - MTD - Administration - O1A,3,,,,
,PPSV-201908-395,PPSV - JOB - MTD - Administration - O1B,3,,,,
,PPSV-201908-396,PPSV - JOB - MTD - Medical Equipment - O1B,3,,,,
,PPSV-201908-397,PPSV - JOB - MTD - Medical Equipment - O1C,3,,,,
,PPSV-201908-398,PPSV - JOB - MND - HOD - H2B,3,,,,
,PPSV-201908-399,PPSV - JOB - MND - Cook Helper - O1A,3,,,,
,PPSV-201908-400,PPSV - JOB - MND - Cook Helper - O1B,3,,,,
,PPSV-201908-401,PPSV - JOB - MND - Cook Helper - O1C,3,,,,
,PPSV-201908-402,PPSV - JOB - MND - Waitress & Steward - O1B,3,,,,
,PPSV-201908-403,PPSV - JOB - MND - Waitress & Steward - O1D,3,,,,
,PPSV-201908-404,PPSV - JOB - MND - Cashier - O1A,3,,,,
,PPSV-201908-405,PPSV - JOB - MND - Cashier - O1B,3,,,,
,PPSV-201908-406,PPSV - JOB - MND - Cashier - O1C,3,,,,
,PPSV-201908-407,PPSV - JOB - MND - Cook - O1A,3,,,,
,PPSV-201908-408,PPSV - JOB - MND - Cook - O1B,3,,,,
,PPSV-201908-409,PPSV - JOB - MND - Cook - O1C,3,,,,
,PPSV-201908-410,PPSV - JOB - MND - Front Service - O1B,3,,,,
,PPSV-201908-411,PPSV - JOB - MND - Front Service - O1C,3,,,,
,PPSV-201908-412,PPSV - JOB - MND - Front Service - O1D,3,,,,
,PPSV-201908-413,PPSV - JOB - MND - Patient Service - O1B,3,,,,
,PPSV-201908-414,PPSV - JOB - MND - Patient Service - O1C,3,,,,
,PPSV-201908-415,PPSV - JOB - MND - Patient Service - O1D,3,,,,
,PPSV-201908-416,PPSV - JOB - MND - Administration - O1A,3,,,,
,PPSV-201908-417,PPSV - JOB - MND - Administration - O1B,3,,,,
,PPSV-201908-418,PPSV - JOB - MND - Administration - O1C,3,,,,
,PPSV-201908-419,PPSV - JOB - MND - pantry - O1B,3,,,,
,PPSV-201908-420,PPSV - JOB - MND - pantry - O1C,3,,,,
,PPSV-201908-421,PPSV - JOB - MND - pantry - O1D,3,,,,
,PPSV-201908-422,PPSV - JOB - OIC - HOD - H2B,3,,,,
,PPSV-201908-423,PPSV - JOB - OIC - Cashier - O2B,3,,,,
,PPSV-201908-424,PPSV - JOB - OIC - Cashier - O2C,3,,,,
,PPSV-201908-425,PPSV - JOB - OIC - Cashier - O2D,3,,,,
,PPSV-201908-426,PPSV - JOB - OIC - Cashier - O1A,3,,,,
,PPSV-201908-427,PPSV - JOB - QMD - RN - O2A,3,,,,
,PPSV-201908-428,PPSV - JOB - QMD - RN - O2B,3,,,,
,PPSV-201908-429,PPSV - JOB - QMD - RN - O2C,3,,,,
,PPSV-201908-430,PPSV - JOB - QMD - RN - O2D,3,,,,
,PPSV-201908-431,PPSV - JOB - QMD - Safety - O2A,3,,,,
,PPSV-201908-432,PPSV - JOB - QMD - Safety - O2B,3,,,,
,PPSV-201908-433,PPSV - JOB - QMD - Safety - O2C,3,,,,
,PPSV-201908-434,PPSV - JOB - QMD - Safety - O2D,3,,,,
,PPSV-201908-435,PPSV - JOB - QMD - Quality  - O2C,3,,,,
,PPSV-201908-436,PPSV - JOB - QMD - Quality  - O2D,3,,,,
,PPSV-201908-437,PPSV - JOB - QMD - Quality  - O1A,3,,,,
,PPSV-201908-438,PPSV - JOB - QMD - Document  - O2B,3,,,,
,PPSV-201908-439,PPSV - JOB - QMD - Document  - O2C,3,,,,
,PPSV-201908-440,PPSV - JOB - QMD - Document  - O2D,3,,,,
,PPSV-201908-441,PPSV - JOB - QMD - Document  - O1A,3,,,,
,PPSV-201908-442,PPSV - JOB - QMD - Document  - O1B,3,,,,
,PPSV-201908-443,PPSV - JOB - SCO - Secretary - Top - O1A,3,,,,
,PPSV-201908-444,PPSV - JOB - SCO - Secretary - Sup - O2D,3,,,,
,PPSV-201908-445,PPSV - JOB - SCO - Secretary - Management - O1A,3,,,,
,PPSV-201908-446,PPSV - JOB - SCO - Secretary - Hospital - O1A,3,,,,
,PPSV-201908-447,PPSV - JOB - SCO - Secretary - CRM - O1A,3,,,,
,PPSV-201908-448,PPSV - JOB - SCO - Secretary - Medical - O1A,3,,,,
,PPSV-201908-449,PPSV - JOB - SCO - Secretary - Operating - O1A,3,,,,
,PPSV-201908-450,PPSV - JOB - SUP - Supervisor - O2A,3,,,,
,PPSV-201908-451,PPSV - JOB - SUP - Supervisor - O2B,3,,,,
,PPSV-201908-452,PPSV - JOB - SUP - Supervisor - O2C,3,,,,
,PPSV-201908-454,PPSV -  Attribute,8,,,,
,PPSV-201908-455,PPSV -  MC - Hod,4,,,,
,PPSV-201908-456,PPSV -  MC - Manager,4,,,,
,PPSV-201908-457,PPSV -  MC - Director,4,,,,
,PPSV-201908-458,PPSV - FC - CTT - HOD - H2B,5,,,,
,PPSV-201908-459,PPSV - FC - CTT - RN - O2A,5,,,,
,PPSV-201908-460,PPSV - FC - CTT - RN - O2B,5,,,,
,PPSV-201908-461,PPSV - FC - CTT - RN - O2C,5,,,,
,PPSV-201908-462,PPSV - FC - CTT - RN - O2D,5,,,,
,PPSV-201908-463,PPSV - FC - CTT - RN Non-li - O1A,5,,,,
,PPSV-201908-464,PPSV - FC - CTT -  Cardiology - O2A,5,,,,
,PPSV-201908-465,PPSV - FC - CTT -  Cardiology - O2B,5,,,,
,PPSV-201908-466,PPSV - FC - CTT -  Cardiology - O2C,5,,,,
,PPSV-201908-467,PPSV - FC - CTT -  Cardiology - O2D,5,,,,
,PPSV-201908-468,PPSV - FC - CTT - PA - O1B,5,,,,
,PPSV-201908-469,PPSV - FC - CTT - PA - O1C,5,,,,
,PPSV-201908-470,PPSV - FC - EAD - HOD - H2B,5,,,,
,PPSV-201908-471,PPSV - FC - EAD - RN - O2A,5,,,,
,PPSV-201908-472,PPSV - FC - EAD - RN - O2B,5,,,,
,PPSV-201908-473,PPSV - FC - EAD - RN - O2C,5,,,,
,PPSV-201908-474,PPSV - FC - EAD - RN - O2D,5,,,,
,PPSV-201908-475,PPSV - FC - EAD - RN Non-li - O1A,5,,,,
,PPSV-201908-476,PPSV - FC - EAD - PN - O1A,5,,,,
,PPSV-201908-477,PPSV - FC - EAD - PN - O1B,5,,,,
,PPSV-201908-478,PPSV - FC - EAD - PA - O1B,5,,,,
,PPSV-201908-479,PPSV - FC - EAD - PA - O1C,5,,,,
,PPSV-201908-480,PPSV - FC - EAD - MA - O2D,5,,,,
,PPSV-201908-481,PPSV - FC - EAD - MA - O1A,5,,,,
,PPSV-201908-482,PPSV - FC - MED - HOD - H2B,5,,,,
,PPSV-201908-483,PPSV - FC - MED - RN - O2A,5,,,,
,PPSV-201908-484,PPSV - FC - MED - RN - O2B,5,,,,
,PPSV-201908-485,PPSV - FC - MED - RN - O2C,5,,,,
,PPSV-201908-486,PPSV - FC - MED - RN - O2D,5,,,,
,PPSV-201908-487,PPSV - FC - MED - RN Non-li - O1A,5,,,,
,PPSV-201908-488,PPSV - FC - MED - PN - O1A,5,,,,
,PPSV-201908-489,PPSV - FC - MED - PN - O1B,5,,,,
,PPSV-201908-490,PPSV - FC - MED - PA - O1B,5,,,,
,PPSV-201908-491,PPSV - FC - MED - PA - O1C,5,,,,
,PPSV-201908-492,PPSV - FC - MED - ENT -  PA - O1B,5,,,,
,PPSV-201908-493,PPSV - FC - MED - ENT -  PA - O1C,5,,,,
,PPSV-201908-494,PPSV - FC - MED - MA - O2D,5,,,,
,PPSV-201908-495,PPSV - FC - MED - MA - O1A,5,,,,
,PPSV-201908-496,PPSV - FC - SURG - HOD - H2B,5,,,,
,PPSV-201908-497,PPSV - FC - SURG - RN - O2A,5,,,,
,PPSV-201908-498,PPSV - FC - SURG - RN - O2B,5,,,,
,PPSV-201908-499,PPSV - FC - SURG - RN - O2C,5,,,,
,PPSV-201908-500,PPSV - FC - SURG - RN - O2D,5,,,,
,PPSV-201908-501,PPSV - FC - SURG - RN Non-li - O1A,5,,,,
,PPSV-201908-502,PPSV - FC - SURG - PN - O1A,5,,,,
,PPSV-201908-503,PPSV - FC - SURG - PN - O1B,5,,,,
,PPSV-201908-504,PPSV - FC - SURG - MA - O2D,5,,,,
,PPSV-201908-505,PPSV - FC - SURG - MA - O1A,5,,,,
,PPSV-201908-506,PPSV - FC - PED - HOD - H2B,5,,,,
,PPSV-201908-507,PPSV - FC - PED - RN - O2A,5,,,,
,PPSV-201908-508,PPSV - FC - PED - RN - O2B,5,,,,
,PPSV-201908-509,PPSV - FC - PED - RN - O2C,5,,,,
,PPSV-201908-510,PPSV - FC - PED - RN - O2D,5,,,,
,PPSV-201908-511,PPSV - FC - PED - RN Non-li - O1A,5,,,,
,PPSV-201908-512,PPSV - FC - PED - PN - O1A,5,,,,
,PPSV-201908-513,PPSV - FC - PED - PN - O1B,5,,,,
,PPSV-201908-514,PPSV - FC - PED - PA - O1B,5,,,,
,PPSV-201908-515,PPSV - FC - PED - PA - O1C,5,,,,
,PPSV-201908-516,PPSV - FC - DENT - PA - O1B,5,,,,
,PPSV-201908-517,PPSV - FC - DENT - PA - O1C,5,,,,
,PPSV-201908-518,PPSV - FC - PED - MA - O2D,5,,,,
,PPSV-201908-519,PPSV - FC - PED - MA - O1A,5,,,,
,PPSV-201908-520,PPSV - FC - HCC - HOD - H2B,5,,,,
,PPSV-201908-521,PPSV - FC - HCC - RN - O2A,5,,,,
,PPSV-201908-522,PPSV - FC - HCC - RN - O2B,5,,,,
,PPSV-201908-523,PPSV - FC - HCC - RN - O2C,5,,,,
,PPSV-201908-524,PPSV - FC - HCC - RN - O2D,5,,,,
,PPSV-201908-525,PPSV - FC - HCC - Back Office - O2C,5,,,,
,PPSV-201908-526,PPSV - FC - HCC - Back Office - O2D,5,,,,
,PPSV-201908-527,PPSV - FC - HCC - Back Office - O1A,5,,,,
,PPSV-201908-528,PPSV - FC - HCC - Front Office - O2B,5,,,,
,PPSV-201908-529,PPSV - FC - HCC - Front Office - O2C,5,,,,
,PPSV-201908-530,PPSV - FC - HCC - Front Office - O2D,5,,,,
,PPSV-201908-531,PPSV - FC - HCC - Front Office - O1A,5,,,,
,PPSV-201908-532,PPSV - FC - HCC - PA - O1B,5,,,,
,PPSV-201908-533,PPSV - FC - HCC - PA - O1C,5,,,,
,PPSV-201908-534,PPSV - FC - OBG - HOD - H2B,5,,,,
,PPSV-201908-535,PPSV - FC - OBG - RN - O2A,5,,,,
,PPSV-201908-536,PPSV - FC - OBG - RN - O2B,5,,,,
,PPSV-201908-537,PPSV - FC - OBG - RN - O2C,5,,,,
,PPSV-201908-538,PPSV - FC - OBG - RN - O2D,5,,,,
,PPSV-201908-539,PPSV - FC - OBG - RN Non-li - O1A,5,,,,
,PPSV-201908-540,PPSV - FC - OBG - PN - O1A,5,,,,
,PPSV-201908-541,PPSV - FC - OBG - PN - O1B,5,,,,
,PPSV-201908-542,PPSV - FC - OBG - PA - O1B,5,,,,
,PPSV-201908-543,PPSV - FC - OBG - PA - O1C,5,,,,
,PPSV-201908-544,PPSV - FC - CGE - HOD - H2B,5,,,,
,PPSV-201908-545,PPSV - FC - CGE - RN - O2A,5,,,,
,PPSV-201908-546,PPSV - FC - CGE - RN - O2B,5,,,,
,PPSV-201908-547,PPSV - FC - CGE - RN - O2C,5,,,,
,PPSV-201908-548,PPSV - FC - CGE - RN - O2D,5,,,,
,PPSV-201908-549,PPSV - FC - CGE - RN Non-li - O1A,5,,,,
,PPSV-201908-550,PPSV - FC - CGE - PA - O1B,5,,,,
,PPSV-201908-551,PPSV - FC - CGE - PA - O1C,5,,,,
,PPSV-201908-552,PPSV - FC - ICU - HOD - H2B,5,,,,
,PPSV-201908-553,PPSV - FC - ICU - RN - O2A,5,,,,
,PPSV-201908-554,PPSV - FC - ICU - RN - O2B,5,,,,
,PPSV-201908-555,PPSV - FC - ICU - RN - O2C,5,,,,
,PPSV-201908-556,PPSV - FC - ICU - RN - O2D,5,,,,
,PPSV-201908-557,PPSV - FC - ICU - RN Non-li - O1A,5,,,,
,PPSV-201908-558,PPSV - FC - ICU - PN - O1A,5,,,,
,PPSV-201908-559,PPSV - FC - ICU - PN - O1B,5,,,,
,PPSV-201908-560,PPSV - FC - ICU - PPN - O1B,5,,,,
,PPSV-201908-561,PPSV - FC - ICU - PA - O1B,5,,,,
,PPSV-201908-562,PPSV - FC - ICU - PA - O1C,5,,,,
,PPSV-201908-563,PPSV - FC - WOB - HOD - H2B,5,,,,
,PPSV-201908-564,PPSV - FC - WOB - RN - O2A,5,,,,
,PPSV-201908-565,PPSV - FC - WOB - RN - O2B,5,,,,
,PPSV-201908-566,PPSV - FC - WOB - RN - O2C,5,,,,
,PPSV-201908-567,PPSV - FC - WOB - RN - O2D,5,,,,
,PPSV-201908-568,PPSV - FC - WOB - RN Non-li - O1A,5,,,,
,PPSV-201908-569,PPSV - FC - WOB - PN - O1A,5,,,,
,PPSV-201908-570,PPSV - FC - WOB - PN - O1B,5,,,,
,PPSV-201908-571,PPSV - FC - WOB - PPN - O1B,5,,,,
,PPSV-201908-572,PPSV - FC - WOB - PA - O1B,5,,,,
,PPSV-201908-573,PPSV - FC - WOB - PA - O1C,5,,,,
,PPSV-201908-574,PPSV - FC - WOB - MA - O2D,5,,,,
,PPSV-201908-575,PPSV - FC - WOB - MA - O1A,5,,,,
,PPSV-201908-576,PPSV - FC - WA4 - HOD - H2B,5,,,,
,PPSV-201908-577,PPSV - FC - WA4 - RN - O2A,5,,,,
,PPSV-201908-578,PPSV - FC - WA4 - RN - O2B,5,,,,
,PPSV-201908-579,PPSV - FC - WA4 - RN - O2C,5,,,,
,PPSV-201908-580,PPSV - FC - WA4 - RN - O2D,5,,,,
,PPSV-201908-581,PPSV - FC - WA4 - RN - Non li - O1A,5,,,,
,PPSV-201908-582,PPSV - FC - WA4 - PN - O1A,5,,,,
,PPSV-201908-583,PPSV - FC - WA4 - PN - O1B,5,,,,
,PPSV-201908-584,PPSV - FC - WA4 - PPN - O1B,5,,,,
,PPSV-201908-585,PPSV - FC - WA4 - PA - O1B,5,,,,
,PPSV-201908-586,PPSV - FC - WA4 - PA - O1C,5,,,,
,PPSV-201908-587,PPSV - FC - WA4 - MA - O2D,5,,,,
,PPSV-201908-588,PPSV - FC - WA4 - MA - O1A,5,,,,
,PPSV-201908-589,PPSV - FC - WMD - HOD - H2B,5,,,,
,PPSV-201908-590,PPSV - FC - WMD - RN - O2A,5,,,,
,PPSV-201908-591,PPSV - FC - WMD - RN - O2B,5,,,,
,PPSV-201908-592,PPSV - FC - WMD - RN - O2C,5,,,,
,PPSV-201908-593,PPSV - FC - WMD - RN - O2D,5,,,,
,PPSV-201908-594,PPSV - FC - WMD - RN Non-li - O1A,5,,,,
,PPSV-201908-595,PPSV - FC - WMD - PN - O1A,5,,,,
,PPSV-201908-596,PPSV - FC - WMD - PN - O1B,5,,,,
,PPSV-201908-597,PPSV - FC - WMD - PPN - O1B,5,,,,
,PPSV-201908-598,PPSV - FC - WMD - PA - O1B,5,,,,
,PPSV-201908-599,PPSV - FC - WMD - PA - O1C,5,,,,
,PPSV-201908-600,PPSV - FC - WMD - MA - O2D,5,,,,
,PPSV-201908-601,PPSV - FC - WMD - MA - O1A,5,,,,
,PPSV-201908-602,PPSV - FC - WPD - HOD - H2B,5,,,,
,PPSV-201908-603,PPSV - FC - WPD - RN - O2A,5,,,,
,PPSV-201908-604,PPSV - FC - WPD - RN - O2B,5,,,,
,PPSV-201908-605,PPSV - FC - WPD - RN - O2C,5,,,,
,PPSV-201908-606,PPSV - FC - WPD - RN - O2D,5,,,,
,PPSV-201908-607,PPSV - FC - WPD - RN - Non li - O1A,5,,,,
,PPSV-201908-608,PPSV - FC - WPD - PN - O1A,5,,,,
,PPSV-201908-609,PPSV - FC - WPD - PN - O1B,5,,,,
,PPSV-201908-610,PPSV - FC - WPD - PPN - O1B,5,,,,
,PPSV-201908-611,PPSV - FC - WPD - PA - O1B,5,,,,
,PPSV-201908-612,PPSV - FC - WPD - PA - O1C,5,,,,
,PPSV-201908-613,PPSV - FC - WPD - MA - O2D,5,,,,
,PPSV-201908-614,PPSV - FC - WPD - MA - O1A,5,,,,
,PPSV-201908-615,PPSV - FC - OTD - HOD - H2B,5,,,,
,PPSV-201908-616,PPSV - FC - OTD - RN - O2A,5,,,,
,PPSV-201908-617,PPSV - FC - OTD - RN - O2B,5,,,,
,PPSV-201908-618,PPSV - FC - OTD - RN - O2C,5,,,,
,PPSV-201908-619,PPSV - FC - OTD - RN - O2D,5,,,,
,PPSV-201908-620,PPSV - FC - OTD - Anesthetist  - O2B,5,,,,
,PPSV-201908-621,PPSV - FC - OTD - RN - Ass - Anesthetist - O2C,5,,,,
,PPSV-201908-622,PPSV - FC - OTD - RN - Ass - Anesthetist - O2D,5,,,,
,PPSV-201908-623,PPSV - FC - OTD - PN - O1A,5,,,,
,PPSV-201908-624,PPSV - FC - OTD - PN - O1B,5,,,,
,PPSV-201908-625,PPSV - FC - OTD - PA - O1B,5,,,,
,PPSV-201908-626,PPSV - FC - OTD - PA - O1C,5,,,,
,PPSV-201908-627,PPSV - FC - HDD - HOD - H2B,5,,,,
,PPSV-201908-628,PPSV - FC - HDD - RN - O2A,5,,,,
,PPSV-201908-629,PPSV - FC - HDD - RN - O2B,5,,,,
,PPSV-201908-630,PPSV - FC - HDD - RN - O2C,5,,,,
,PPSV-201908-631,PPSV - FC - HDD - RN - O2D,5,,,,
,PPSV-201908-632,PPSV - FC - HDD - PA - O1B,5,,,,
,PPSV-201908-633,PPSV - FC - HDD - PA - O1C,5,,,,
,PPSV-201908-634,PPSV - FC - HDD - MA - O2D,5,,,,
,PPSV-201908-635,PPSV - FC - HDD - MA - O1A,5,,,,
,PPSV-201908-636,PPSV - FC - CSD - HOD - H2B,5,,,,
,PPSV-201908-637,PPSV - FC - CSD - Staff  CSSD - O2D,5,,,,
,PPSV-201908-638,PPSV - FC - CSD - Staff  CSSD - O1A,5,,,,
,PPSV-201908-639,PPSV - FC - CSD - Staff  CSSD - O1B,5,,,,
,PPSV-201908-640,PPSV - FC - CSD - Staff  CSSD - O1C,5,,,,
,PPSV-201908-641,PPSV - FC - PHD - HOD - H2B,5,,,,
,PPSV-201908-642,PPSV - FC - PHD - Pharmacist - O2A,5,,,,
,PPSV-201908-643,PPSV - FC - PHD - Pharmacist - O2B,5,,,,
,PPSV-201908-644,PPSV - FC - PHD - Pharmacist - O2C,5,,,,
,PPSV-201908-645,PPSV - FC - PHD - Pharmacist - O2D,5,,,,
,PPSV-201908-646,PPSV - FC - PHD - Assistant - O2D,5,,,,
,PPSV-201908-647,PPSV - FC - PHD - Assistant - O1A,5,,,,
,PPSV-201908-648,PPSV - FC - MID - HOD - H2B,5,,,,
,PPSV-201908-649,PPSV - FC - MID - RN - O2A,5,,,,
,PPSV-201908-650,PPSV - FC - MID - RN - O2B,5,,,,
,PPSV-201908-651,PPSV - FC - MID - RN - O2C,5,,,,
,PPSV-201908-652,PPSV - FC - MID - RN - O2D,5,,,,
,PPSV-201908-653,PPSV - FC - MID - Radiology - O2A,5,,,,
,PPSV-201908-654,PPSV - FC - MID - Radiology - O2B,5,,,,
,PPSV-201908-655,PPSV - FC - MID - Radiology - O2C,5,,,,
,PPSV-201908-656,PPSV - FC - MID - Radiology - O2D,5,,,,
,PPSV-201908-657,PPSV - FC - MID - Assistant - O1B,5,,,,
,PPSV-201908-658,PPSV - FC - MID - Assistant - O1C,5,,,,
,PPSV-201908-659,PPSV - FC - LBD - HOD - H2B,5,,,,
,PPSV-201908-660,PPSV - FC - LBD - Medical - Chemistry - O2A,5,,,,
,PPSV-201908-661,PPSV - FC - LBD - Medical - Microbiology - O2A,5,,,,
,PPSV-201908-662,PPSV - FC - LBD - Medical - Microscopy - O2A,5,,,,
,PPSV-201908-663,PPSV - FC - LBD - Medical - Blood Bank  - O2A,5,,,,
,PPSV-201908-664,PPSV - FC - LBD - Medical - Immunology  - O2A,5,,,,
,PPSV-201908-665,PPSV - FC - LBD - Medical - Hematology  - O2A,5,,,,
,PPSV-201908-666,PPSV - FC - LBD - Medical - Chemistry - O2B,5,,,,
,PPSV-201908-667,PPSV - FC - LBD - Medical - Microbiology - O2B,5,,,,
,PPSV-201908-668,PPSV - FC - LBD - Medical - Microscopy - O2B,5,,,,
,PPSV-201908-669,PPSV - FC - LBD - Medical - Blood Bank  - O2B,5,,,,
,PPSV-201908-670,PPSV - FC - LBD - Medical - Immunology  - O2B,5,,,,
,PPSV-201908-671,PPSV - FC - LBD - Medical - Hematology  - O2B,5,,,,
,PPSV-201908-672,PPSV - FC - LBD - Medical - O2C,5,,,,
,PPSV-201908-673,PPSV - FC - LBD - Medical - O2D,5,,,,
,PPSV-201908-674,PPSV - FC - LBD - Medical - Non li - O1A,5,,,,
,PPSV-201908-675,PPSV - FC - LBD - Medical Assistant - O1B,5,,,,
,PPSV-201908-676,PPSV - FC - LBD - Medical Assistant - O1C,5,,,,
,PPSV-201908-677,PPSV - FC - LBD - Laboratory Assistant - O2D,5,,,,
,PPSV-201908-678,PPSV - FC - LBD - Laboratory Assistant - O1A,5,,,,
,PPSV-201908-679,PPSV - FC - RTD - HOD - H2B,5,,,,
,PPSV-201908-680,PPSV - FC - RTD - Physical  - O2A,5,,,,
,PPSV-201908-681,PPSV - FC - RTD - Physical  - O2B,5,,,,
,PPSV-201908-682,PPSV - FC - RTD - Physical  - O2C,5,,,,
,PPSV-201908-683,PPSV - FC - RTD - Physical  - O2D,5,,,,
,PPSV-201908-684,PPSV - FC - RTD - Physical - Non li - O1A,5,,,,
,PPSV-201908-685,PPSV - FC - RTD - Occupational  - O2A,5,,,,
,PPSV-201908-686,PPSV - FC - RTD - Occupational  - O2B,5,,,,
,PPSV-201908-687,PPSV - FC - RTD - Occupational  - O2C,5,,,,
,PPSV-201908-688,PPSV - FC - RTD - Occupational  - O2D,5,,,,
,PPSV-201908-689,PPSV - FC - RTD - Occupational - Non li - O1A,5,,,,
,PPSV-201908-690,PPSV - FC - RTD - Assistant - O1B,5,,,,
,PPSV-201908-691,PPSV - FC - RTD - Assistant - O1C,5,,,,
,PPSV-201908-692,PPSV - FC - TND - HOD - H2B,5,,,,
,PPSV-201908-693,PPSV - FC - TND - Dietitian - O2A,5,,,,
,PPSV-201908-694,PPSV - FC - TND - Dietitian - O2B,5,,,,
,PPSV-201908-695,PPSV - FC - TND - Dietitian - O2C,5,,,,
,PPSV-201908-696,PPSV - FC - TND - Dietitian - O2D,5,,,,
,PPSV-201908-697,PPSV - FC - TND - Nutritionist - O2C,5,,,,
,PPSV-201908-698,PPSV - FC - TND - Nutritionist - O2D,5,,,,
,PPSV-201908-699,PPSV - FC - TND - Nutritionist - O1A,5,,,,
,PPSV-201908-700,PPSV - FC - CRM - HOD - H2B,5,,,,
,PPSV-201908-701,PPSV - FC - CRM - Customer Service - O2C,5,,,,
,PPSV-201908-702,PPSV - FC - CRM - Customer Service - O2D,5,,,,
,PPSV-201908-703,PPSV - FC - CRM - Customer Service - O1A,5,,,,
,PPSV-201908-704,PPSV - FC - CRM - Customer Care - O2C,5,,,,
,PPSV-201908-705,PPSV - FC - CRM - Customer Care - O2D,5,,,,
,PPSV-201908-706,PPSV - FC - MRD - HOD - H2B,5,,,,
,PPSV-201908-707,PPSV - FC - MRD - Statistics Technician - O2D,5,,,,
,PPSV-201908-708,PPSV - FC - MRD - Statistical  - O2B,5,,,,
,PPSV-201908-709,PPSV - FC - MRD - Statistical  - O2C,5,,,,
,PPSV-201908-710,PPSV - FC - MRD - Statistical  - O2D,5,,,,
,PPSV-201908-711,PPSV - FC - MRD - Statistical  - O1A,5,,,,
,PPSV-201908-712,PPSV - FC - MRD - Statistical  - O1B,5,,,,
,PPSV-201908-713,"PPSV - FC - MRD - Monitor and coordinate 
 - O1A",5,,,,
,PPSV-201908-714,"PPSV - FC - MRD - Monitor and coordinate 
 - O1B",5,,,,
,PPSV-201908-715,PPSV - FC - MRD - Medical record  - O1B,5,,,,
,PPSV-201908-716,PPSV - FC - MRD - Medical record  - O1C,5,,,,
,PPSV-201908-717,PPSV - FC - RED - HOD - H2B,5,,,,
,PPSV-201908-718,PPSV - FC - RED - Reception  - O1B,5,,,,
,PPSV-201908-719,PPSV - FC - RED - Transferal - O1B,5,,,,
,PPSV-201908-720,PPSV - FC - RED - Transferal - O1C,5,,,,
,PPSV-201908-721,PPSV - FC - ISC - HOD - H2B,5,,,,
,PPSV-201908-722,PPSV - FC - ISC - RN - O2B,5,,,,
,PPSV-201908-723,PPSV - FC - ISC - RN - O2C,5,,,,
,PPSV-201908-724,PPSV - FC - ISC - RN - O2D,5,,,,
,PPSV-201908-725,PPSV - FC - ISC - PN - O1A,5,,,,
,PPSV-201908-726,PPSV - FC - ISC - PN - O1B,5,,,,
,PPSV-201908-727,PPSV - FC - ADC - HOD - H2B,5,,,,
,PPSV-201908-728,PPSV - FC - ADC - Admission  - O2C,5,,,,
,PPSV-201908-729,PPSV - FC - ADC - Admission  - O2D,5,,,,
,PPSV-201908-730,PPSV - FC - ADC - Admission  - O1A,5,,,,
,PPSV-201908-731,PPSV - FC - TOD - HOD - H2B,5,,,,
,PPSV-201908-732,PPSV - FC - TOD - RN - O2A,5,,,,
,PPSV-201908-733,PPSV - FC - TOD - RN - O2B,5,,,,
,PPSV-201908-734,PPSV - FC - TOD - RN - O2C,5,,,,
,PPSV-201908-735,PPSV - FC - TOD - RN - O2D,5,,,,
,PPSV-201908-736,PPSV - FC - TOD - Call center - O2C,5,,,,
,PPSV-201908-737,PPSV - FC - TOD - Call center - O2D,5,,,,
,PPSV-201908-738,PPSV - FC - TOD - Call center - O1A,5,,,,
,PPSV-201908-739,PPSV - FC - TOD - Operator  - O2C,5,,,,
,PPSV-201908-740,PPSV - FC - TOD - Operator  - O2D,5,,,,
,PPSV-201908-741,PPSV - FC - TOD - Operator  - O1A,5,,,,
,PPSV-201908-742,PPSV - FC - TOD - Operator  - O1B,5,,,,
,PPSV-201908-743,PPSV - FC - MKD - HOD - H2B,5,,,,
,PPSV-201908-744,PPSV - FC - MKD - RN - O2B,5,,,,
,PPSV-201908-745,PPSV - FC - MKD - RN - O2C,5,,,,
,PPSV-201908-746,PPSV - FC - MKD - RN - O2D,5,,,,
,PPSV-201908-747,PPSV - FC - MKD - Health Therapist - O2B,5,,,,
,PPSV-201908-748,PPSV - FC - MKD - Health Therapist - O2C,5,,,,
,PPSV-201908-749,PPSV - FC - MKD - Health Therapist - O2D,5,,,,
,PPSV-201908-750,PPSV - FC - MKD - Business Development  - O2B,5,,,,
,PPSV-201908-751,PPSV - FC - MKD - Marketing Communication  - O2B,5,,,,
,PPSV-201908-752,PPSV - FC - MKD - Marketing Communication  - O2C,5,,,,
,PPSV-201908-753,PPSV - FC - MKD - Marketing Communication  - O2D,5,,,,
,PPSV-201908-754,PPSV - FC - MKD - Marketing Communication  - O1A,5,,,,
,PPSV-201908-755,PPSV - FC - MKD - E- Marketing - O2C,5,,,,
,PPSV-201908-756,PPSV - FC - MKD - E- Marketing - O2D,5,,,,
,PPSV-201908-757,PPSV - FC - MKD - E- Marketing - O1A,5,,,,
,PPSV-201908-758,PPSV - FC - MKD - Graphic Design  - O2C,5,,,,
,PPSV-201908-759,PPSV - FC - MKD - Graphic Design  - O2D,5,,,,
,PPSV-201908-760,PPSV - FC - MKD - Graphic Design  - O1A,5,,,,
,PPSV-201908-761,PPSV - FC - MKD - Business Development  - O2C,5,,,,
,PPSV-201908-762,PPSV - FC - MKD - Business Development  - O2D,5,,,,
,PPSV-201908-763,PPSV - FC - MKD - Business Development  - O1A,5,,,,
,PPSV-201908-764,PPSV - FC - MKD - Public Health  - O2C,5,,,,
,PPSV-201908-765,PPSV - FC - MKD - Public Health  - O2D,5,,,,
,PPSV-201908-766,PPSV - FC - MKD - Public Health  - O1A,5,,,,
,PPSV-201908-767,PPSV - FC - GSD - Laundry - O2B,5,,,,
,PPSV-201908-768,PPSV - FC - GSD - Laundry - O1A,5,,,,
,PPSV-201908-769,PPSV - FC - GSD - Laundry - O1B,5,,,,
,PPSV-201908-770,PPSV - FC - GSD - Housekeeper - O2B,5,,,,
,PPSV-201908-771,PPSV - FC - GSD - Housekeeper - O1A,5,,,,
,PPSV-201908-772,PPSV - FC - GSD - Housekeeper - O1B,5,,,,
,PPSV-201908-773,PPSV - FC - GSD - Security - O2B,5,,,,
,PPSV-201908-774,PPSV - FC - GSD - Security - O1B,5,,,,
,PPSV-201908-775,PPSV - FC - GSD - Laundry - O1C,5,,,,
,PPSV-201908-776,PPSV - FC - GSD - Laundry - O1D,5,,,,
,PPSV-201908-777,PPSV - FC - GSD - Sewing - O1B,5,,,,
,PPSV-201908-778,PPSV - FC - GSD - Sewing - O1C,5,,,,
,PPSV-201908-779,PPSV - FC - GSD - Sewing - O1D,5,,,,
,PPSV-201908-780,PPSV - FC - GSD - Folding - O1B,5,,,,
,PPSV-201908-781,PPSV - FC - GSD - Folding - O1C,5,,,,
,PPSV-201908-782,PPSV - FC - GSD - Folding - O1D,5,,,,
,PPSV-201908-783,PPSV - FC - VCD - HOD - H2B,5,,,,
,PPSV-201908-784,PPSV - FC - VCD - Vehicle - O2B,5,,,,
,PPSV-201908-785,PPSV - FC - VCD - Vehicle - O1B,5,,,,
,PPSV-201908-786,PPSV - FC - VCD - Vehicle - O1C,5,,,,
,PPSV-201908-787,PPSV - FC - VCD - Vehicle - O1D,5,,,,
,PPSV-201908-788,PPSV - FC - VCD - Communications - O1B,5,,,,
,PPSV-201908-789,PPSV - FC - VCD - Communications - O1C,5,,,,
,PPSV-201908-790,PPSV - FC - VCD - Communications - O1D,5,,,,
,PPSV-201908-791,PPSV - FC - GEM - HOD - H2B,5,,,,
,PPSV-201908-792,PPSV - FC - GEM - Administration - O1A,5,,,,
,PPSV-201908-793,PPSV - FC - GEM - Administration - O1B,5,,,,
,PPSV-201908-794,PPSV - FC - GEM - Technician Specialist - O2C,5,,,,
,PPSV-201908-795,PPSV - FC - GEM - Technician Specialist - O2D,5,,,,
,PPSV-201908-796,PPSV - FC - GEM - System Specialist - O2D,5,,,,
,PPSV-201908-797,PPSV - FC - GEM - Technician - O1A,5,,,,
,PPSV-201908-798,PPSV - FC - GEM - Technician - O1B,5,,,,
,PPSV-201908-799,PPSV - FC - GEM - Maintenance - O1A,5,,,,
,PPSV-201908-800,PPSV - FC - GEM - Maintenance - O1B,5,,,,
,PPSV-201908-801,PPSV - FC - GEM - Maintenance - O1C,5,,,,
,PPSV-201908-802,PPSV - FC - MTD - HOD - H2B,5,,,,
,PPSV-201908-803,PPSV - FC - MTD - Administration - O1A,5,,,,
,PPSV-201908-804,PPSV - FC - MTD - Administration - O1B,5,,,,
,PPSV-201908-805,PPSV - FC - MTD - Medical Equipment - O1B,5,,,,
,PPSV-201908-806,PPSV - FC - MTD - Medical Equipment - O1C,5,,,,
,PPSV-201908-807,PPSV - FC - MND - HOD - H2B,5,,,,
,PPSV-201908-808,PPSV - FC - MND - Cook Helper - O1A,5,,,,
,PPSV-201908-809,PPSV - FC - MND - Cook Helper - O1B,5,,,,
,PPSV-201908-810,PPSV - FC - MND - Cook Helper - O1C,5,,,,
,PPSV-201908-811,PPSV - FC - MND - Waitress & Steward - O1B,5,,,,
,PPSV-201908-812,PPSV - FC - MND - Waitress & Steward - O1D,5,,,,
,PPSV-201908-813,PPSV - FC - MND - Cashier - O1A,5,,,,
,PPSV-201908-814,PPSV - FC - MND - Cashier - O1B,5,,,,
,PPSV-201908-815,PPSV - FC - MND - Cashier - O1C,5,,,,
,PPSV-201908-816,PPSV - FC - MND - Cook - O1A,5,,,,
,PPSV-201908-817,PPSV - FC - MND - Cook - O1B,5,,,,
,PPSV-201908-818,PPSV - FC - MND - Cook - O1C,5,,,,
,PPSV-201908-819,PPSV - FC - MND - Front Service - O1B,5,,,,
,PPSV-201908-820,PPSV - FC - MND - Front Service - O1C,5,,,,
,PPSV-201908-821,PPSV - FC - MND - Front Service - O1D,5,,,,
,PPSV-201908-822,PPSV - FC - MND - Patient Service - O1B,5,,,,
,PPSV-201908-823,PPSV - FC - MND - Patient Service - O1C,5,,,,
,PPSV-201908-824,PPSV - FC - MND - Patient Service - O1D,5,,,,
,PPSV-201908-825,PPSV - FC - MND - Administration - O1A,5,,,,
,PPSV-201908-826,PPSV - FC - MND - Administration - O1B,5,,,,
,PPSV-201908-827,PPSV - FC - MND - Administration - O1C,5,,,,
,PPSV-201908-828,PPSV - FC - MND - pantry - O1B,5,,,,
,PPSV-201908-829,PPSV - FC - MND - pantry - O1C,5,,,,
,PPSV-201908-830,PPSV - FC - MND - pantry - O1D,5,,,,
,PPSV-201908-831,PPSV - FC - OIC - HOD - H2B,5,,,,
,PPSV-201908-832,PPSV - FC - OIC - Cashier - O2B,5,,,,
,PPSV-201908-833,PPSV - FC - OIC - Cashier - O2C,5,,,,
,PPSV-201908-834,PPSV - FC - OIC - Cashier - O2D,5,,,,
,PPSV-201908-835,PPSV - FC - OIC - Cashier - O1A,5,,,,
,PPSV-201908-836,PPSV - FC - QMD - RN - O2A,5,,,,
,PPSV-201908-837,PPSV - FC - QMD - RN - O2B,5,,,,
,PPSV-201908-838,PPSV - FC - QMD - RN - O2C,5,,,,
,PPSV-201908-839,PPSV - FC - QMD - RN - O2D,5,,,,
,PPSV-201908-840,PPSV - FC - QMD - Safety - O2A,5,,,,
,PPSV-201908-841,PPSV - FC - QMD - Safety - O2B,5,,,,
,PPSV-201908-842,PPSV - FC - QMD - Safety - O2C,5,,,,
,PPSV-201908-843,PPSV - FC - QMD - Safety - O2D,5,,,,
,PPSV-201908-844,PPSV - FC - QMD - Quality  - O2C,5,,,,
,PPSV-201908-845,PPSV - FC - QMD - Quality  - O2D,5,,,,
,PPSV-201908-846,PPSV - FC - QMD - Quality  - O1A,5,,,,
,PPSV-201908-847,PPSV - FC - QMD - Document  - O2B,5,,,,
,PPSV-201908-848,PPSV - FC - QMD - Document  - O2C,5,,,,
,PPSV-201908-849,PPSV - FC - QMD - Document  - O2D,5,,,,
,PPSV-201908-850,PPSV - FC - QMD - Document  - O1A,5,,,,
,PPSV-201908-851,PPSV - FC - QMD - Document  - O1B,5,,,,
,PPSV-201908-852,PPSV - FC - SCO - Secretary - Top - O1A,5,,,,
,PPSV-201908-853,PPSV - FC - SCO - Secretary - Sup - O2D,5,,,,
,PPSV-201908-854,PPSV - FC - SCO - Secretary - Management - O1A,5,,,,
,PPSV-201908-855,PPSV - FC - SCO - Secretary - Hospital - O1A,5,,,,
,PPSV-201908-856,PPSV - FC - SCO - Secretary - CRM - O1A,5,,,,
,PPSV-201908-857,PPSV - FC - SCO - Secretary - Medical - O1A,5,,,,
,PPSV-201908-858,PPSV - FC - SCO - Secretary - Operating - O1A,5,,,,
,PPSV-201908-859,PPSV - FC - SUP - Supervisor - O2A,5,,,,
,PPSV-201908-860,PPSV - FC - SUP - Supervisor - O2B,5,,,,
,PPSV-201908-861,PPSV - FC - SUP - Supervisor - O2C,5,,,,
,PPSV-201908-862,PPSV -  Participation - Hod,8,,,,
,PPSV-201908-863,PPSV -  Participation - Staff,8,,,,
,PPSV-201908-867,PPSV -  Discipline,8,,,,